856012799	dataset/preprocessing/processed/nyc_top883_poi_v1/nyc_agcrn_bundle.npz
741026184	forecasting_models/tft_quantile_calibrator_v1/runs/tft_quantile_top883_poi_v1_b16_e8/test_quantile_forecasts_for_rebalancing.parquet
431436245	dataset/preprocessing/processed/nyc_top883_v2/nyc_agcrn_bundle.npz
331280643	dataset/preprocessing/processed/nyc_top883_poi_v1/nyc_station_hour_panel.parquet
256428220	dataset/preprocessing/processed/nyc_top883_v2/nyc_station_hour_panel.parquet
224532071	dataset/preprocessing/processed/nyc_top883/nyc_agcrn_bundle.npz
104100295	dataset/preprocessing/processed/nyc_top883/nyc_station_hour_panel.parquet
89866035	forecasting_models/agcrn_nyc_gwnet_v1/runs/gwnet_top883_log1p_topk20_b64/test_forecasts_for_rebalancing.parquet
89827623	forecasting_models/agcrn_nyc_gwnet_time_netloss_v1/runs/gwnet_time_netloss_top883_log1p_topk20_b64/test_forecasts_for_rebalancing.parquet
47295797	forecasting_models/gmrl_nyc_v1/runs/probe_b8_reduction_mean/best_model.pt
47295797	forecasting_models/gmrl_nyc_v1/runs/probe_b8_chunk8192/best_model.pt
47295797	forecasting_models/gmrl_nyc_v1/runs/probe_b8/best_model.pt
47295797	forecasting_models/gmrl_nyc_v1/runs/probe_b4_20batches_stable/best_model.pt
47295797	forecasting_models/gmrl_nyc_v1/runs/gmrl_top883_log1p_mae_b4_e12/best_model.pt
39677151	dataset/preprocessing/processed/nyc/nyc_agcrn_bundle.npz
32024516	forecasting_models/esg_nyc_v1/runs/probe_b1/best_model.pt
32024516	forecasting_models/esg_nyc_v1/runs/esg_full_top883_log1p_b1_e12/best_model.pt
32024516	forecasting_models/esg_nyc_v1/runs/esg_full_startup_check/best_model.pt
22069813	dataset/preprocessing/processed/nyc/nyc_station_hour_panel.parquet
17191876	rebalancing_algorithms/nyc_rebalancing_mincost_v1/runs/forecast_tft_quantile_conservative_mincost_h12_top883_poi_v1_cap200/rebalancing_task_table.parquet
16595404	rebalancing_algorithms/nyc_rebalancing_penalty_v1/runs/oracle_penalty_h12_top883_v2_cap200_w3_station10/rebalancing_task_table.parquet
16415554	rebalancing_algorithms/nyc_rebalancing_mincost_v1/runs/forecast_tft_quantile_median_mincost_h12_top883_poi_v1_cap200/rebalancing_task_table.parquet
16411885	rebalancing_algorithms/nyc_rebalancing_mincost_v1/runs/forecast_tft_quantile_aggressive_mincost_h12_top883_poi_v1_cap200/rebalancing_task_table.parquet
16343885	rebalancing_algorithms/nyc_rebalancing_mincost_v1/runs/forecast_gwnet_time_netloss_mincost_h12_top883_v2_cap200/rebalancing_task_table.parquet
16325967	rebalancing_algorithms/nyc_rebalancing/runs/forecast_gwnet_greedy_h12_top883_v2_cap200/rebalancing_task_table.parquet
16325109	rebalancing_algorithms/nyc_rebalancing_mincost_v1/runs/forecast_gwnet_mincost_h12_top883_v2_cap200/rebalancing_task_table.parquet
16300609	rebalancing_algorithms/nyc_rebalancing_mincost_v1/runs/oracle_mincost_h12_top883_v2_cap200/rebalancing_task_table.parquet
16300422	rebalancing_algorithms/nyc_rebalancing/runs/oracle_greedy_h12_top883_v2_cap200/rebalancing_task_table.parquet
16258248	rebalancing_algorithms/nyc_rebalancing/runs/oracle_greedy_h12_top883_v2/rebalancing_task_table.parquet
16256209	rebalancing_algorithms/nyc_rebalancing_mincost_v1/runs/oracle_mincost_h12_top883_v2/rebalancing_task_table.parquet
13384501	forecasting_models/agcrn_nyc_relational_v1/runs/agcrn_nyc_top883_relational_v1_od_separate_w900505_b32/best_model.pt
13039813	rebalancing_algorithms/nyc_rebalancing_mincost_v1/runs/forecast_tft_quantile_aggressive_mincost_h12_top883_poi_v1_cap200/inventory_simulation.parquet
13015341	rebalancing_algorithms/nyc_rebalancing_mincost_v1/runs/forecast_tft_quantile_conservative_mincost_h12_top883_poi_v1_cap200/inventory_simulation.parquet
12969844	rebalancing_algorithms/nyc_rebalancing_penalty_v1/runs/oracle_penalty_h12_top883_v2_cap200_w3_station10/inventory_simulation.parquet
12942086	rebalancing_algorithms/nyc_rebalancing_mincost_v1/runs/forecast_gwnet_time_netloss_mincost_h12_top883_v2_cap200/inventory_simulation.parquet
12938305	rebalancing_algorithms/nyc_rebalancing_mincost_v1/runs/forecast_gwnet_mincost_h12_top883_v2_cap200/inventory_simulation.parquet
12938266	rebalancing_algorithms/nyc_rebalancing/runs/forecast_gwnet_greedy_h12_top883_v2_cap200/inventory_simulation.parquet
12937072	rebalancing_algorithms/nyc_rebalancing_mincost_v1/runs/forecast_tft_quantile_median_mincost_h12_top883_poi_v1_cap200/inventory_simulation.parquet
12934305	rebalancing_algorithms/nyc_rebalancing_mincost_v1/runs/oracle_mincost_h12_top883_v2_cap200/inventory_simulation.parquet
12934219	rebalancing_algorithms/nyc_rebalancing/runs/oracle_greedy_h12_top883_v2_cap200/inventory_simulation.parquet
12923005	rebalancing_algorithms/nyc_rebalancing/runs/oracle_greedy_h12_top883_v2/inventory_simulation.parquet
12922761	rebalancing_algorithms/nyc_rebalancing_mincost_v1/runs/oracle_mincost_h12_top883_v2/inventory_simulation.parquet
10383614	dataset/preprocessing/processed/nyc_top50/nyc_agcrn_bundle.npz
9852789	forecasting_models/agcrn_nyc_objective_v2/runs/smoke_log1p_seasonal_residual_mae/best_model.pt
9852789	forecasting_models/agcrn_nyc_objective_v2/runs/agcrn_nyc_top883_objective_v2_log1p_seasonal_residual_mae_topk20_b64/best_model.pt
9852789	forecasting_models/agcrn_nyc_objective_v1/runs/agcrn_nyc_top883_objective_v1_seasonal_residual_mae_topk20_b64/best_model.pt
9852789	forecasting_models/agcrn_nyc_objective_v1/runs/agcrn_nyc_top883_objective_v1_raw_weighted_mae_w2_topk20_b64/best_model.pt
9852789	forecasting_models/agcrn_nyc_objective_v1/runs/agcrn_nyc_top883_objective_v1_raw_huber_topk20_b64/best_model.pt
9852789	forecasting_models/agcrn_nyc_objective_v1/runs/agcrn_nyc_top883_objective_v1_log1p_mae_topk20_b64/best_model.pt
9852725	forecasting_models/agcrn_nyc_objective_v1/runs/smoke_log1p_mae/best_model.pt
9852597	forecasting_models/agcrn_nyc_relational_topk_v1/runs/agcrn_nyc_top883_relational_topk_v1_k50_fused_w9502525_b64/best_model.pt
9852597	forecasting_models/agcrn_nyc_relational_topk_v1/runs/agcrn_nyc_top883_relational_topk_v1_k20_fused_w9502525_b64/best_model.pt
9852597	forecasting_models/agcrn_nyc_relational_topk_v1/runs/agcrn_nyc_top883_relational_topk_v1_k100_fused_w9502525_b64/best_model.pt
9851701	forecasting_models/agcrn_nyc_relational_v1/runs/smoke_od_fused_v1/best_model.pt
9851701	forecasting_models/agcrn_nyc_relational_v1/runs/agcrn_nyc_top883_relational_v1_od_fused_w9502525_b64/best_model.pt
9851701	forecasting_models/agcrn_nyc_relational_v1/runs/agcrn_nyc_top883_relational_v1_od_fused_w900505_b64/best_model.pt
9851701	forecasting_models/agcrn_nyc_relational_v1/runs/agcrn_nyc_top883_relational_v1_od_fused_b64/best_model.pt
8498357	forecasting_models/agcrn_nyc_spatial_v1/runs/agcrn_nyc_top883_spatial_v1_separate_k20_b64/best_model.pt
8498293	forecasting_models/agcrn_nyc_spatial_v1/runs/smoke_separate_k20_b64/best_model.pt
8497013	forecasting_models/agcrn_nyc_spatial_v1/runs/smoke_k20_b64/best_model.pt
7030901	forecasting_models/agcrn_nyc_gwnet_time_netloss_v1/runs/gwnet_time_netloss_top883_poi_v1_log1p_topk20_b64/best_model.pt
7030837	forecasting_models/agcrn_nyc_gwnet_time_netloss_v1/runs/smoke_poi_v1/best_model.pt
7022069	forecasting_models/agcrn_nyc_gwnet_time_netloss_v1/runs/smoke_stable/best_model.pt
7022069	forecasting_models/agcrn_nyc_gwnet_time_netloss_v1/runs/smoke_metrics/best_model.pt
7022069	forecasting_models/agcrn_nyc_gwnet_time_netloss_v1/runs/smoke/best_model.pt
7022069	forecasting_models/agcrn_nyc_gwnet_time_netloss_v1/runs/gwnet_time_netloss_top883_log1p_topk20_b64/best_model.pt
6965429	forecasting_models/gmrl_nyc_v1/runs/smoke/best_model.pt
6761205	forecasting_models/agcrn_nyc_gwnet_v1/runs/smoke/best_model.pt
6761205	forecasting_models/agcrn_nyc_gwnet_v1/runs/gwnet_top883_log1p_topk20_b64/best_model.pt
6731893	forecasting_models/agcrn_nyc_spatial_v1/runs/smoke_fusion_k20_mix010_b64/best_model.pt
6731893	forecasting_models/agcrn_nyc_spatial_v1/runs/agcrn_nyc_top883_spatial_v1_fusion_k20_mix010_b64/best_model.pt
6731829	forecasting_models/agcrn_nyc_spatial_v1/runs/smoke_fusion_k20_b64/best_model.pt
6731829	forecasting_models/agcrn_nyc_spatial_v1/runs/agcrn_nyc_top883_spatial_v1_fusion_k20_b64/best_model.pt
6408708	forecasting_models/esg_nyc_v1/runs/smoke/best_model.pt
6408708	forecasting_models/esg_nyc_v1/runs/probe_light_b4/best_model.pt
5673353	dataset/preprocessing/processed/nyc_top50/nyc_station_hour_panel.parquet
4027189	forecasting_models/agcrn_nyc/runs/agcrn_nyc_top883_v2_dep_arr_full_b64/best_model.pt
3611253	forecasting_models/agcrn_nyc/runs/agcrn_nyc_top883_dep_arr_full_b64/best_model.pt
3611253	forecasting_models/agcrn_nyc/runs/agcrn_nyc_top883_batch64_probe/best_model.pt
3572405	forecasting_models/agcrn_nyc/runs/agcrn_nyc_dep_arr_full/best_model.pt
3572341	forecasting_models/agcrn_nyc/runs/smoke/best_model.pt
3563893	forecasting_models/agcrn_nyc/runs/agcrn_nyc_top50_dep_arr_full/best_model.pt
3554635	dataset/preprocessing/processed/nyc_top883_relation_graphs_v1.npz
2080129	dataset/preprocessing/processed/nyc_top883_relation_graphs_topk_v1_k100.npz
1502445	dataset/preprocessing/processed/nyc_top883_relation_graphs_topk_v1_k50.npz
1264276	forecasting_models/tft_quantile_calibrator_v1/runs/smoke_poi_v1/test_quantile_forecasts_for_rebalancing.parquet
1241717	forecasting_models/ccrnn_nyc_v1/runs/probe_b16/best_model.pt
1241717	forecasting_models/ccrnn_nyc_v1/runs/ccrnn_top883_log1p_b16_e10/best_model.pt
1089840	dataset/preprocessing/processed/nyc_top883_relation_graphs_topk_v1_k20.npz
519925	forecasting_models/agcrn_nyc_gwnet_adaptive_v1/runs/smoke/best_model.pt
519925	forecasting_models/agcrn_nyc_gwnet_adaptive_v1/runs/gwnet_adaptive_top883_log1p_b64/best_model.pt
406071	rebalancing_algorithms/nyc_rebalancing_mincost_v1/runs/forecast_tft_quantile_aggressive_mincost_h12_top883_poi_v1_cap200/rebalancing_transfer_plan.parquet
373507	rebalancing_algorithms/nyc_rebalancing_mincost_v1/runs/forecast_tft_quantile_conservative_mincost_h12_top883_poi_v1_cap200/rebalancing_transfer_plan.parquet
340148	rebalancing_algorithms/nyc_rebalancing_penalty_v1/runs/oracle_penalty_h12_top883_v2_cap200_w3_station10/rebalancing_transfer_plan.parquet
297909	forecasting_models/ccrnn_nyc_v1/runs/smoke/best_model.pt
290869	forecasting_models/remo_nyc_v1/runs/remo_top883_log1p_b32/best_model.pt
290869	forecasting_models/remo_nyc_v1/runs/probe_b32/best_model.pt
224851	rebalancing_algorithms/nyc_rebalancing_mincost_v1/runs/forecast_gwnet_time_netloss_mincost_h12_top883_v2_cap200/rebalancing_transfer_plan.parquet
213511	rebalancing_algorithms/nyc_rebalancing/runs/forecast_gwnet_greedy_h12_top883_v2_cap200/rebalancing_transfer_plan.parquet
212895	rebalancing_algorithms/nyc_rebalancing_mincost_v1/runs/forecast_gwnet_mincost_h12_top883_v2_cap200/rebalancing_transfer_plan.parquet
208945	dataset/preprocessing/processed/nyc_top883_poi_v1/nyc_station_static_features.csv
203832	rebalancing_algorithms/nyc_rebalancing_mincost_v1/runs/forecast_tft_quantile_median_mincost_h12_top883_poi_v1_cap200/rebalancing_transfer_plan.parquet
194874	rebalancing_algorithms/nyc_rebalancing_mincost_v1/runs/oracle_mincost_h12_top883_v2_cap200/rebalancing_transfer_plan.parquet
194601	rebalancing_algorithms/nyc_rebalancing_mincost_v1/runs/oracle_mincost_h12_top883_v2/rebalancing_transfer_plan.parquet
194557	rebalancing_algorithms/nyc_rebalancing/runs/oracle_greedy_h12_top883_v2/rebalancing_transfer_plan.parquet
194087	rebalancing_algorithms/nyc_rebalancing/runs/oracle_greedy_h12_top883_v2_cap200/rebalancing_transfer_plan.parquet
183704	dataset/preprocessing/processed/nyc_top883_poi_v1/nyc_station_poi_features_500m.csv
172149	forecasting_models/tft_quantile_calibrator_v1/runs/tft_quantile_top883_poi_v1_b16_e8/best_model.pt
152245	forecasting_models/remo_nyc_v1/runs/smoke/best_model.pt
103591	dataset/preprocessing/processed/nyc/station_flow_cumulative_share.png
85749	forecasting_models/tft_quantile_calibrator_v1/runs/smoke_poi_v1/best_model.pt
78449	rebalancing_algorithms/nyc_rebalancing_mincost_v1/runs/forecast_gwnet_mincost_h12_top883_v2_cap200_smoke/rebalancing_task_table.parquet
77370	rebalancing_algorithms/nyc_rebalancing_penalty_v1/runs/smoke_oracle_penalty_h12_top883_v2_cap200_w3_station5/rebalancing_task_table.parquet
77370	rebalancing_algorithms/nyc_rebalancing_penalty_v1/runs/smoke_oracle_penalty_h12_top883_v2_cap200_w1_station5/rebalancing_task_table.parquet
76591	rebalancing_algorithms/nyc_rebalancing_mincost_v1/runs/smoke_oracle_mincost_h12_top883_v2_cap200/rebalancing_task_table.parquet
76462	rebalancing_algorithms/nyc_rebalancing_penalty_v1/runs/smoke_oracle_penalty_h12_top883_v2_cap200_w3_station10/rebalancing_task_table.parquet
76462	rebalancing_algorithms/nyc_rebalancing_penalty_v1/runs/smoke_oracle_penalty_h12_top883_v2_cap200_w1_station10/rebalancing_task_table.parquet
76251	rebalancing_algorithms/nyc_rebalancing_penalty_v1/runs/smoke_oracle_penalty_h12_top883_v2_cap200_w3_station20/rebalancing_task_table.parquet
75950	rebalancing_algorithms/nyc_rebalancing_penalty_v1/runs/smoke_oracle_penalty_h12_top883_v2_cap200_w3/rebalancing_task_table.parquet
75950	rebalancing_algorithms/nyc_rebalancing_penalty_v1/runs/smoke_oracle_penalty_h12_top883_v2_cap200_w1/rebalancing_task_table.parquet
75950	rebalancing_algorithms/nyc_rebalancing_penalty_v1/runs/smoke_oracle_penalty_h12_top883_v2_cap200_w025/rebalancing_task_table.parquet
75823	rebalancing_algorithms/nyc_rebalancing_penalty_v1/runs/smoke_oracle_penalty_h12_top883_v2_cap200_w10/rebalancing_task_table.parquet
65918	rebalancing_algorithms/nyc_rebalancing_mincost_v1/runs/smoke_tft_quantile_aggressive_h12_top883_poi_v1_cap200/rebalancing_task_table.parquet
65082	rebalancing_algorithms/nyc_rebalancing/runs/smoke_oracle_h12_top883_v2/rebalancing_task_table.parquet
65076	rebalancing_algorithms/nyc_rebalancing_mincost_v1/runs/smoke_tft_quantile_conservative_h12_top883_poi_v1_cap200/rebalancing_task_table.parquet
64494	rebalancing_algorithms/nyc_rebalancing_mincost_v1/runs/smoke_tft_quantile_median_h12_top883_poi_v1_cap200/rebalancing_task_table.parquet
62891	rebalancing_algorithms/nyc_rebalancing_mincost_v1/runs/forecast_gwnet_mincost_h12_top883_v2_cap200_smoke/inventory_simulation.parquet
62807	rebalancing_algorithms/nyc_rebalancing_mincost_v1/runs/smoke_oracle_mincost_h12_top883_v2_cap200/inventory_simulation.parquet
62553	rebalancing_algorithms/nyc_rebalancing_penalty_v1/runs/smoke_oracle_penalty_h12_top883_v2_cap200_w3_station10/inventory_simulation.parquet
62553	rebalancing_algorithms/nyc_rebalancing_penalty_v1/runs/smoke_oracle_penalty_h12_top883_v2_cap200_w1_station10/inventory_simulation.parquet
62512	rebalancing_algorithms/nyc_rebalancing_penalty_v1/runs/smoke_oracle_penalty_h12_top883_v2_cap200_w3_station5/inventory_simulation.parquet
62512	rebalancing_algorithms/nyc_rebalancing_penalty_v1/runs/smoke_oracle_penalty_h12_top883_v2_cap200_w1_station5/inventory_simulation.parquet
62500	rebalancing_algorithms/nyc_rebalancing_penalty_v1/runs/smoke_oracle_penalty_h12_top883_v2_cap200_w3_station20/inventory_simulation.parquet
62356	rebalancing_algorithms/nyc_rebalancing_penalty_v1/runs/smoke_oracle_penalty_h12_top883_v2_cap200_w3/inventory_simulation.parquet
62356	rebalancing_algorithms/nyc_rebalancing_penalty_v1/runs/smoke_oracle_penalty_h12_top883_v2_cap200_w1/inventory_simulation.parquet
62356	rebalancing_algorithms/nyc_rebalancing_penalty_v1/runs/smoke_oracle_penalty_h12_top883_v2_cap200_w025/inventory_simulation.parquet
62308	rebalancing_algorithms/nyc_rebalancing_penalty_v1/runs/smoke_oracle_penalty_h12_top883_v2_cap200_w10/inventory_simulation.parquet
58902	dataset/preprocessing/processed/nyc_top883_v2/nyc_station_static_features.csv
58902	dataset/preprocessing/processed/nyc_top883/nyc_station_static_features.csv
53157	rebalancing_algorithms/nyc_rebalancing/runs/smoke_oracle_h12_top883_v2/inventory_simulation.parquet
51512	rebalancing_algorithms/nyc_rebalancing_mincost_v1/runs/smoke_tft_quantile_aggressive_h12_top883_poi_v1_cap200/inventory_simulation.parquet
51452	rebalancing_algorithms/nyc_rebalancing_mincost_v1/runs/smoke_tft_quantile_median_h12_top883_poi_v1_cap200/inventory_simulation.parquet
51414	rebalancing_algorithms/nyc_rebalancing_mincost_v1/runs/smoke_tft_quantile_conservative_h12_top883_poi_v1_cap200/inventory_simulation.parquet
22374	rebalancing_algorithms/nyc_rebalancing/runs/smoke_oracle_h12_top883_v2/rebalancing_transfer_plan.parquet
13252	dataset/preprocessing/processed/nyc/nyc_station_static_features.csv
8774	rebalancing_algorithms/nyc_rebalancing_penalty_v1/runs/smoke_oracle_penalty_h12_top883_v2_cap200_w3_station5/rebalancing_transfer_plan.parquet
8774	rebalancing_algorithms/nyc_rebalancing_penalty_v1/runs/smoke_oracle_penalty_h12_top883_v2_cap200_w1_station5/rebalancing_transfer_plan.parquet
7698	rebalancing_algorithms/nyc_rebalancing_penalty_v1/runs/smoke_oracle_penalty_h12_top883_v2_cap200_w3_station10/rebalancing_transfer_plan.parquet
7698	rebalancing_algorithms/nyc_rebalancing_penalty_v1/runs/smoke_oracle_penalty_h12_top883_v2_cap200_w1_station10/rebalancing_transfer_plan.parquet
7198	dataset/preprocessing/processed/nyc_top883_poi_v1/nyc_dataset_manifest.json
6687	rebalancing_algorithms/nyc_rebalancing_mincost_v1/runs/forecast_gwnet_mincost_h12_top883_v2_cap200_smoke/rebalancing_transfer_plan.parquet
6634	rebalancing_algorithms/nyc_rebalancing_mincost_v1/runs/smoke_oracle_mincost_h12_top883_v2_cap200/rebalancing_transfer_plan.parquet
6563	rebalancing_algorithms/nyc_rebalancing_penalty_v1/runs/smoke_oracle_penalty_h12_top883_v2_cap200_w3_station20/rebalancing_transfer_plan.parquet
5937	rebalancing_algorithms/nyc_rebalancing_mincost_v1/runs/smoke_tft_quantile_aggressive_h12_top883_poi_v1_cap200/rebalancing_transfer_plan.parquet
5733	rebalancing_algorithms/nyc_rebalancing_mincost_v1/runs/smoke_tft_quantile_median_h12_top883_poi_v1_cap200/rebalancing_transfer_plan.parquet
5729	rebalancing_algorithms/nyc_rebalancing_mincost_v1/runs/smoke_tft_quantile_conservative_h12_top883_poi_v1_cap200/rebalancing_transfer_plan.parquet
5515	rebalancing_algorithms/nyc_rebalancing_penalty_v1/runs/smoke_oracle_penalty_h12_top883_v2_cap200_w3/rebalancing_transfer_plan.parquet
5515	rebalancing_algorithms/nyc_rebalancing_penalty_v1/runs/smoke_oracle_penalty_h12_top883_v2_cap200_w1/rebalancing_transfer_plan.parquet
5515	rebalancing_algorithms/nyc_rebalancing_penalty_v1/runs/smoke_oracle_penalty_h12_top883_v2_cap200_w025/rebalancing_transfer_plan.parquet
4308	dataset/preprocessing/processed/nyc_top883_v2/nyc_dataset_manifest.json
4160	rebalancing_algorithms/nyc_rebalancing_penalty_v1/runs/smoke_oracle_penalty_h12_top883_v2_cap200_w10/rebalancing_transfer_plan.parquet
3340	dataset/preprocessing/processed/nyc_top883/nyc_dataset_manifest.json
3329	dataset/preprocessing/processed/nyc_top50/nyc_dataset_manifest.json
3319	dataset/preprocessing/processed/nyc/nyc_dataset_manifest.json
3247	dataset/preprocessing/processed/nyc_top50/nyc_station_static_features.csv
2949	dataset/preprocessing/processed/nyc_top883_poi_v1/nyc_station_poi_features_500m.manifest.json
